                  epoch,         train/box_loss,         train/seg_loss,         train/cls_loss,         train/dfl_loss,   metrics/precision(B),      metrics/recall(B),       metrics/mAP50(B),    metrics/mAP50-95(B),   metrics/precision(M),      metrics/recall(M),       metrics/mAP50(M),    metrics/mAP50-95(M),           val/box_loss,           val/seg_loss,           val/cls_loss,           val/dfl_loss,                 lr/pg0,                 lr/pg1,                 lr/pg2
                      0,                 1.4075,                 2.6459,                 4.0869,                 1.5066,                0.51577,                0.17263,                0.15613,                0.09902,                0.51596,                0.17164,                0.15492,                0.08452,                 1.3182,                 2.2991,                 2.3049,                  1.342,               0.070048,               0.003328,               0.003328
                      1,                 1.3292,                  2.277,                 2.4886,                 1.4303,                0.44471,                0.22768,                0.18251,                0.10993,                0.42858,                0.21857,                 0.1735,                0.09763,                 1.4844,                 2.4026,                 2.4656,                 1.5065,               0.039389,              0.0060019,              0.0060019
                      2,                 1.3807,                  2.278,                  2.323,                 1.4627,                0.51523,                0.18709,                 0.2076,                0.12281,                0.59059,                0.18191,                0.20231,                0.10643,                 1.4795,                 2.4834,                 2.3271,                 1.5008,              0.0080691,              0.0080157,              0.0080157
                      3,                 1.4403,                 2.3319,                  2.294,                 1.5207,                0.43938,                0.31204,                0.28123,                0.17684,                0.41544,                0.28757,                0.25658,                 0.1354,                 1.4636,                   2.31,                 2.1087,                 1.5242,                0.00703,                0.00703,                0.00703
                      4,                 1.4008,                 2.2215,                 2.1329,                 1.4912,                0.45197,                 0.2886,                0.33189,                0.20291,                0.51199,                0.24991,                 0.3056,                0.17251,                 1.3536,                 2.0868,                 1.9652,                 1.4362,                0.00703,                0.00703,                0.00703
                      5,                 1.3376,                 2.1176,                 1.9166,                 1.4441,                0.49252,                0.40618,                0.41082,                0.27193,                0.44116,                0.39058,                0.37895,                0.21365,                 1.2581,                 1.9784,                 1.7132,                  1.323,                0.00604,                0.00604,                0.00604
                      6,                 1.2482,                 1.9991,                 1.6977,                 1.3861,                  0.596,                 0.4519,                0.53625,                 0.3466,                0.57701,                0.44121,                0.50735,                0.28118,                 1.1924,                 1.8405,                 1.5277,                 1.2722,                0.00505,                0.00505,                0.00505
                      7,                 1.1811,                 1.9041,                 1.5376,                 1.3295,                0.61382,                0.53945,                 0.5695,                0.38393,                0.59496,                0.52374,                0.53907,                0.30743,                 1.1229,                 1.8261,                 1.3784,                 1.2327,                0.00406,                0.00406,                0.00406
                      8,                 1.1062,                 1.7942,                 1.3526,                 1.2845,                 0.7305,                0.59625,                0.67368,                0.45681,                0.70509,                 0.5722,                0.63708,                0.37212,                 1.0809,                 1.7131,                 1.2142,                 1.1865,                0.00307,                0.00307,                0.00307
                      9,                 1.0509,                 1.7034,                 1.1836,                 1.2397,                 0.7253,                0.64713,                0.71177,                0.50173,                 0.7755,                0.59935,                0.68999,                0.41148,                 1.0291,                 1.6208,                 1.0881,                 1.1363,                0.00208,                0.00208,                0.00208
